微博,1
正文,1
看,8
的,29
第一部,1
3d,1
电影,1
就是,2
霍比特,1
人,2
，,48
当时,2
因为,2
是,13
第一次,2
吓,1
得,3
我,37
脱,1
了,62
眼镜,1
低着头,1
还,7
不太敢,1
 ,99
 ,146
有,8
一,3
说,2
ns,1
这次,1
新歌,1
好,7
普普通通,1
…,3
居然,2
真的,6
原图,41
今天,1
无料,1
保底,1
然后,2
rio,1
就,16
来,6
安慰,1
我弟,1
在,5
玩,1
公主,1
链接,1
？,19
35,1
当初,2
不,7
应该,1
去,4
鬼,1
灭,1
漫画,1
做个,1
动画,1
党,1
不好,1
吗,2
睡不着,1
又,4
热,1
还有,2
蚊子,1
再次,1
见识,1
到,3
某,1
cpf,1
ky,1
能力,1
多,2
厉害,1
绝,1
写,4
作业,4
着,4
忘记,1
签到,1
34,1
你们,2
猫,2
次方,2
笑,1
死,3
现在,5
唯一,1
一个,4
想,5
开学,1
原因,1
不用,2
在家,1
上,2
体育课,2
要,3
合作,1
不得了,1
各位,1
可以,1
开始,3
奶新,1
solo,1
碟,1
等,2
个,2
十年,1
吧,3
啊啊啊,10
啊,8
新,2
组合,1
曲,1
终于,2
吐出来,1
/,10
草草,1
草,3
tql,1
看到,5
这个,2
起来,1
歌手,4
那年,1
第一季,2
出来,1
那,2
时候,1
特别,1
喜欢,7
暗香,1
这,5
首歌,2
金粉,1
世家,1
op,1
今年,2
补声,1
二均,1
朔,3
唱,1
ed,2
让,1
她,1
降落,1
突然,1
回去,1
重温,1
已经,4
六年,1
时间,1
过得,1
真快,1
下期,1
能,4
sv,1
哈哈哈哈,1
哈哈哈,13
上音,1
xswl,1
大眼,1
对,1
做,1
什么,2
为什么,3
不能,1
点赞,1
傻,4
逼,1
制图,2
搞,4
两天,3
接下来,2
绘画,1
3.8,1
梅原,1
さ,2
ん,2
、,2
お,25
誕,2
生日,2
め,2
で,2
と,2
う,2
ご,2
ざ,2
い,2
ま,3
す,2
！,24
太,5
赶到,1
也,6
匆匆忙忙,1
摆,1
阵子,1
太失格,1
不配,1
（,11
认识,1
你,6
第四个,1
年头,1
不会,2
长篇大论,1
希望,1
一年,1
工作,1
顺顺利利,1
身体健康,1
最,1
重要,1
被,4
梅生,1
贺,1
没法,1
准时,1
发了,1
美女,1
随手,1
点,2
香蕉,2
树,2
直播,1
俩,1
瓦瓦瓦瓦瓦瓦瓦瓦,1
完,3
去世,1
CAD,1
好难,1
真,1
小时,1
吃,4
泡面,1
老师,4
没,5
出现,1
基本,1
没睡,1
就要,1
爬起来,1
上网,1
课,1
知道,3
哪,1
逛,1
一圈,1
阿,2
b,1
好土,1
举报,2
怎么,3
音乐剧,1
我家,1
跟,3
有个,1
�,2
关系,1
很久没,1
骂人,1
越过,1
底线,1
xzf,1
没完,1
我昏,1
可爱,1
收工,1
奶,1
一口,1
beit,1
新曲,1
松井,1
神,2
+,1
本多,1
阵容,1
33,1
首页,1
全是,2
声,4
补完,1
我们,1
歌,2
启动,1
谁,1
想到,1
是因为,1
圈,1
补,1
结果,4
两季,1
下来,1
更,1
大龙,3
和,1
均,2
氪,2
这么,1
多次,1
出货,1
谢谢,4
声音,1
他,2
做到,1
音色,1
萌,1
a,1
2,10
加长版,1
剪辑,1
病,1
芒果,1
狗,2
下学期,2
几乎,1
满课,1
满脸,1
开心,1
刘岩,1
好绝,1
争取,1
号,3
开课,1
前冲,1
完声,1
鉴于,1
置顶,1
冗长,1
是不是,1
其实,1
闲,1
恋,1
无止境,1
好看,2
砂糖,1
太帅,1
牙龈,1
发炎,1
疼,1
狗命,1
星期,1
出,2
三次,1
高资,1
天亮,1
睡着,1
我人,1
化学课,1
牛肉,1
火锅,1
推,2
都,8
我儿,1
所以,1
情人节,1
过,2
客厅,1
电视,1
上放,1
一遍,1
声入,3
人心,3
诗人,1
旅途,1
后,1
爸,2
不愧,1
懂,1
审美,1
新光,1
美的,1
好好,1
听,1
KOH,1
祝,1
生日快乐,1
wt,2
结束,1
打,2
呢,1
活过来,1
5,1
梅,1
溪湖,1
湖底,1
最后,1
一期,1
瞬间,1
哭,2
疯,1
02.02,1
恭二,2
く,1
转发,1
中,1
抽,1
一位,1
p,1
或者,1
中之人,1
推打,1
22,1
一点,1
小小,1
心意,1
当,1
请,1
喝,2
奶茶,2
抽到,1
抽奖,1
黑秋哥,1
周一,1
开,1
[,10
组图,10
共,10
9,1
张,10
],10
好丑,1
真情实感,1
丑,1
1,2
不行,1
俺,1
心中,1
白月光,1
我能,1
单刷,1
好几遍,1
缓,1
一下,1
再,1
上头,2
播放列表,1
他们,2
专门,2
找,1
几期,1
恨,1
呐,1
妈,1
早点,1
入,1
坑人,1
的话,2
又帅,1
唱歌,1
好听,1
不过,1
同姓,1
加成,1
缘故,1
话,1
昨晚,1
梦见,1
上位,1
成真,1
虽然,1
准备,1
32,1
为了,1
6,2
-,1
11,2
练,2
鸮,2
太难,1
天,1
真是,1
宝藏,1
节目,1
拯救,1
歌荒,1
觉醒,1
汕头,1
有人,1
感染,1
新年快乐,1
31,1
精二,1
专心,1
干员,1
不然,1
六章,1
过不去,1
以为,1
甜剧,1
他妈的,1
虐,1
一批,1
大半夜,1
看甜剧,1
把,1
15,1
周年,1
感动,1
全都,1
明,1
会,1
这种,1
别搞,1
男人,3
企划,1
啥事,1
没有,1
这下,1
两头,1
得罪,1
wcnm,1
万代,1
偏偏,1
还是,2
行,1
说明,1
开除,1
偶像,1
大师,1
系列,1
叶轻眉,1
要是,1
鸥,1
姐来演,1
做梦,1
笑醒,1
这样,1
か,1
し,1
の,1
言葉,1
分享,1
图片,1
3,2
顶,1
压岁钱,1
风险,1
70,1
连,1
两张,1
当期,1
草菇,1
一发,1
志希人,1
紬,1
手游,1
p5,1
联动,1
庆,1
余年,1
集,1
觉得,1
蛮,1
搬,1
不要,1
搬书,1
